[{"id":1,"name":"asdf","national":true,"shares":123.12,"year":123,"founder":"sdfa"},{"id":2,"name":"Apple recargado","national":false,"shares":123.33,"year":1232,"founder":"jobs"},{"id":3,"name":"google","national":true,"shares":123.55,"year":2019,"founder":"Jobs"},{"id":4,"name":"java","national":false,"shares":123.33,"year":2032,"founder":"jobs"},{"id":5,"name":"apple mod 2","national":false,"shares":23.22,"year":2020,"founder":"Jobs"},{"id":6,"name":"asd","national":false,"shares":21.11,"year":122,"founder":"sdf"},{"id":7,"name":"iphone 12","national":false,"shares":null,"year":123123123,"founder":"sdf123213"},{"id":8,"name":"Xiaomi 2","national":false,"shares":12.12,"year":2020,"founder":"jobs"}]